Sampling rate,k,mae,stdv
1,32,7.400272740706054,5.5442964576156495
1,64,7.3286889311512295,5.530293317243172
1,128,7.302194332759656,5.5097848060595815
