Sampling rate,k,mae,stdv
1,32,7.395706118471439,5.667147149306418
1,64,6.373652513250915,4.972647893984347
1,128,5.0498841301569595,4.352618458282851
