Sampling rate,k,mae,stdv
1,32,6.598495182188884,3.7827357959865537
1,64,6.551164896374532,3.757026176691293
1,128,10.194360367049462,5.653995636356779
