Sampling rate,k,mae,stdv
1,32,7.41705770374805,5.632488633569333
1,64,6.990666414236011,5.3622232749388905
1,128,8.779949833236712,6.182342585976942
