Sampling rate,k,mae,stdv
1,32,8.52962230602491,6.478696735131572
1,64,8.709284239470785,6.251323801153447
1,128,8.88282057740877,6.398774763946726
