Sampling rate,k,mae,stdv
1,32,6.42679001855942,4.6769389386056
1,64,7.235862132934128,5.630551579743278
1,128,8.004989985499849,5.884144669022773
