Sampling rate,k,mae,stdv
1,32,7.469228288263559,5.565706026053009
1,64,6.728584826279979,5.100289191986711
1,128,6.968359485990136,5.3141010579162975
