Sampling rate,k,mae,stdv
1,32,12.638653,7.876103
1,64,11.512982,7.33194
1,128,12.702637,7.728106
