Sampling rate,k,mae,stdv
1,32,9.118997,6.5080957
1,64,9.163286,6.379388
1,128,9.203221,6.5129533
