Sampling rate,k,mae,stdv
1,32,9.881772,6.882486
1,64,10.568115,7.0849023
1,128,13.365406,7.9535584
