Sampling rate,k,mae,stdv
1,32,9.053069910644643,6.498655837558751
1,64,9.626112771932272,6.674093549648499
1,128,7.264711337914374,4.68946068714291
