Sampling rate,k,mae,stdv
1,32,9.222518,6.4450293
1,64,9.326718,6.5187716
1,128,9.348266,6.5507183
