Sampling rate,k,mae,stdv
1,32,8.480165361781564,6.0614295596911925
1,64,9.231729079244895,6.606210591976944
1,128,7.39355078288517,4.711374014820568
