Sampling rate,k,mae,stdv
1,32,9.030399703489945,6.24713597248409
1,64,8.974797424080801,6.427692835559003
1,128,8.781032478866251,6.328819229802105
