Sampling rate,k,mae,stdv
1,32,9.2590475,6.2106495
1,64,11.346631,7.4369717
1,128,11.332874,7.3911
