Sampling rate,k,mae,stdv
1,32,9.015697892027669,6.261838681240257
1,64,3.066820082987529,2.1447749604779873
1,128,8.927271758646405,6.367966428365499
