Sampling rate,k,mae,stdv
1,32,8.937007897902093,6.144748863928385
1,64,4.734439157684158,3.451922464917788
1,128,8.893428183399365,6.1570744297019635
